prompt_strategy,hedging_share_pct,sycophantic_share_pct,structural_share_pct
EGDP,7.398971182411575,0.0,92.60102881758843
Casual,31.912863953665255,7.195072508413585,60.892063537921146
Confirmation-Bias,33.28559494253561,13.973055388693448,52.74134966877093
False-Premise,9.939852099988494,21.41566284085766,68.64448505915385
Contradictory-Hint,34.127540303484615,22.565458441211316,43.30700125530408
