prompt_strategy,avg_hedging_count,avg_sycophantic_count,avg_structural_count,avg_hedging_rate_per_100_words,avg_sycophantic_rate_per_100_words,avg_structural_rate_per_100_words,avg_subjectivity,samples
Casual,0.11428571428571428,0.022857142857142857,0.2057142857142857,0.23219147731300016,0.05234987738889001,0.4430382121151848,0.3385638983150888,175
Confirmation-Bias,0.14285714285714285,0.05714285714285714,0.22857142857142856,0.2918612899050667,0.12252128816383256,0.462457059044204,0.291040343743558,175
False-Premise,0.04,0.06857142857142857,0.22857142857142856,0.07183310842374467,0.1547662495718089,0.4960784816860632,0.2876235780319454,175
Contradictory-Hint,0.13142857142857142,0.08571428571428572,0.17142857142857143,0.2831089583251756,0.1871943707812155,0.3592582384943907,0.2756515063168124,175
