prompt_strategy,avg_hedging_count,avg_sycophantic_count,avg_structural_count,avg_hedging_rate_per_100_words,avg_sycophantic_rate_per_100_words,avg_structural_rate_per_100_words,avg_subjectivity,samples
Contradictory-Hint,0.03428571428571429,0.13714285714285715,1.2571428571428571,0.062117564974707835,0.25384452707070976,2.78678858418984,0.6495655539849418,175
Confirmation-Bias,0.05714285714285714,0.10857142857142857,1.457142857142857,0.10091654148389531,0.22967950734235126,3.0251831982582535,0.6386046043525636,175
False-Premise,0.03428571428571429,0.21142857142857144,1.3714285714285714,0.07259076660129753,0.41357236537665976,2.859999774263024,0.6206676745590011,175
Adversarial-Refutation,0.2057142857142857,0.005714285714285714,1.697142857142857,0.4766899961939826,0.027210884353741496,4.489240790780594,0.5274711794818938,175
