prompt_strategy,avg_hedging_count,avg_sycophantic_count,avg_structural_count,avg_hedging_rate_per_100_words,avg_sycophantic_rate_per_100_words,avg_structural_rate_per_100_words,avg_subjectivity,samples
Confirmation-Bias,0.005714285714285714,0.017142857142857144,1.697142857142857,0.014285714285714285,0.04814814814814815,5.257779010510811,0.45048923084542747,175
Contradictory-Hint,0.0,0.045714285714285714,1.6171428571428572,0.0,0.1271981394311402,5.069001024384849,0.4364003669346527,175
False-Premise,0.005714285714285714,0.005714285714285714,1.7085714285714286,0.011204481792717087,0.012987012987012988,6.056888288566165,0.43479193391642373,175
