file,smell,model,strategy,total_evaluated,accuracy,macro_precision,macro_recall,macro_f1,weighted_precision,weighted_recall,weighted_f1,precision_critical,recall_critical,f1_critical,support_critical,precision_major,recall_major,f1_major,support_major,precision_minor,recall_minor,f1_minor,support_minor
ollama_results_long_method_qwen2_5-coder-7b_Casual.json,long method,qwen2_5-coder-7b,Casual,24,0.6666666666666666,0.43333333333333335,0.45714285714285713,0.4444444444444445,0.6458333333333334,0.6666666666666666,0.6555555555555556,0.0,0.0,0.0,2,0.5,0.5714285714285714,0.5333333333333333,7,0.8,0.8,0.8,15
ollama_results_long_method_qwen2_5-coder-7b_Confirmation-Bias.json,long method,qwen2_5-coder-7b,Confirmation-Bias,24,0.16666666666666666,0.14814814814814814,0.08888888888888889,0.1111111111111111,0.27777777777777773,0.16666666666666666,0.20833333333333334,0.0,0.0,0.0,2,0.0,0.0,0.0,7,0.4444444444444444,0.26666666666666666,0.3333333333333333,15
ollama_results_long_method_qwen2_5-coder-7b_Contradictory-Hint.json,long method,qwen2_5-coder-7b,Contradictory-Hint,24,0.3333333333333333,0.2222222222222222,0.17777777777777778,0.19753086419753085,0.4166666666666667,0.3333333333333333,0.3703703703703704,0.0,0.0,0.0,2,0.0,0.0,0.0,7,0.6666666666666666,0.5333333333333333,0.5925925925925926,15
ollama_results_long_method_qwen2_5-coder-7b_EGDP.json,long method,qwen2_5-coder-7b,EGDP,24,0.5416666666666666,0.2280701754385965,0.2888888888888889,0.2549019607843137,0.4276315789473684,0.5416666666666666,0.47794117647058815,0.0,0.0,0.0,2,0.0,0.0,0.0,7,0.6842105263157895,0.8666666666666667,0.7647058823529411,15
ollama_results_long_method_qwen2_5-coder-7b_False-Premise.json,long method,qwen2_5-coder-7b,False-Premise,24,0.0,0.0,0.0,0.0,0.0,0.0,0.0,0.0,0.0,0.0,2,0.0,0.0,0.0,7,0.0,0.0,0.0,15
