file,smell,model,strategy,total_evaluated,accuracy,macro_precision,macro_recall,macro_f1,weighted_precision,weighted_recall,weighted_f1,precision_critical,recall_critical,f1_critical,support_critical,precision_major,recall_major,f1_major,support_major,precision_minor,recall_minor,f1_minor,support_minor
ollama_results_data_class_qwen2_5-coder-7b_Casual.json,data class,qwen2_5-coder-7b,Casual,45,0.3111111111111111,0.12280701754385964,0.2745098039215686,0.16969696969696968,0.1391812865497076,0.3111111111111111,0.1923232323232323,0.0,0.0,0.0,10,0.0,0.0,0.0,18,0.3684210526315789,0.8235294117647058,0.509090909090909,17
ollama_results_data_class_qwen2_5-coder-7b_Confirmation-Bias.json,data class,qwen2_5-coder-7b,Confirmation-Bias,45,0.044444444444444446,0.2222222222222222,0.0392156862745098,0.06666666666666667,0.2518518518518518,0.044444444444444446,0.07555555555555557,0.0,0.0,0.0,10,0.0,0.0,0.0,18,0.6666666666666666,0.11764705882352941,0.2,17
ollama_results_data_class_qwen2_5-coder-7b_Contradictory-Hint.json,data class,qwen2_5-coder-7b,Contradictory-Hint,45,0.044444444444444446,0.16666666666666666,0.0392156862745098,0.06349206349206349,0.18888888888888888,0.044444444444444446,0.07195767195767196,0.0,0.0,0.0,10,0.0,0.0,0.0,18,0.5,0.11764705882352941,0.19047619047619047,17
ollama_results_data_class_qwen2_5-coder-7b_EGDP.json,data class,qwen2_5-coder-7b,EGDP,45,0.3111111111111111,0.1372549019607843,0.2745098039215686,0.18300653594771243,0.15555555555555556,0.3111111111111111,0.20740740740740743,0.0,0.0,0.0,10,0.0,0.0,0.0,18,0.4117647058823529,0.8235294117647058,0.5490196078431373,17
ollama_results_data_class_qwen2_5-coder-7b_False-Premise.json,data class,qwen2_5-coder-7b,False-Premise,45,0.022222222222222223,0.16666666666666666,0.0196078431372549,0.03508771929824561,0.18888888888888888,0.022222222222222223,0.039766081871345026,0.0,0.0,0.0,10,0.0,0.0,0.0,18,0.5,0.058823529411764705,0.10526315789473684,17
