file,smell,model,strategy,total_evaluated,accuracy,macro_precision,macro_recall,macro_f1,weighted_precision,weighted_recall,weighted_f1,precision_critical,recall_critical,f1_critical,support_critical,precision_major,recall_major,f1_major,support_major,precision_minor,recall_minor,f1_minor,support_minor
ollama_results_feature_envy_llama3_1-8b_Adversarial-Refutation.json,feature envy,llama3_1-8b,Adversarial-Refutation,33,0.3333333333333333,0.4523809523809524,0.3196969696969697,0.20268620268620266,0.7251082251082251,0.3333333333333333,0.22866022866022864,0.0,0.0,0.0,2,0.35714285714285715,0.9090909090909091,0.5128205128205128,11,1.0,0.05,0.09523809523809523,20
ollama_results_feature_envy_llama3_1-8b_Confirmation-Bias.json,feature envy,llama3_1-8b,Confirmation-Bias,33,0.36363636363636365,0.5490196078431372,0.21363636363636365,0.25375375375375375,0.7254901960784313,0.36363636363636365,0.415915915915916,0.0,0.0,0.0,2,1.0,0.09090909090909091,0.16666666666666666,11,0.6470588235294118,0.55,0.5945945945945946,20
ollama_results_feature_envy_llama3_1-8b_Contradictory-Hint.json,feature envy,llama3_1-8b,Contradictory-Hint,33,0.09090909090909091,0.19999999999999998,0.049999999999999996,0.08,0.36363636363636365,0.09090909090909091,0.14545454545454545,0.0,0.0,0.0,2,0.0,0.0,0.0,11,0.6,0.15,0.24,20
ollama_results_feature_envy_llama3_1-8b_False-Premise.json,feature envy,llama3_1-8b,False-Premise,33,0.0,0.0,0.0,0.0,0.0,0.0,0.0,0.0,0.0,0.0,2,0.0,0.0,0.0,11,0.0,0.0,0.0,20
