file,smell,model,strategy,total_evaluated,accuracy,macro_precision,macro_recall,macro_f1,weighted_precision,weighted_recall,weighted_f1
ollama_results_blob_qwen2_5-coder-7b_Casual.json,blob,qwen2_5-coder-7b,Casual,175,0.5314285714285715,0.29056767974293746,0.3565513433934486,0.24600313479623825,0.8255585945718493,0.5314285714285715,0.5963940886699507
ollama_results_blob_qwen2_5-coder-7b_Confirmation-Bias.json,blob,qwen2_5-coder-7b,Confirmation-Bias,175,0.7714285714285715,0.1955128205128205,0.20706661759293338,0.20078356426182511,0.7102380952380952,0.7714285714285715,0.7393646850044365
