file                                                       , smell, model           , strategy         , total_evaluated, accuracy, macro_precision    , macro_recall       , macro_f1           , weighted_precision , weighted_recall, weighted_f1        , precision_critical, recall_critical, f1_critical, support_critical, precision_major, recall_major, f1_major, support_major, precision_minor   , recall_minor       , f1_minor           , support_minor
ollama_results_blob_qwen2_5-coder-7b_Casual.json           , blob , qwen2_5-coder-7b, Casual           ,              32,  0.53125, 0.18888888888888888, 0.2982456140350877 , 0.23129251700680273, 0.3364583333333333 ,         0.53125, 0.4119897959183673 ,                0.0,             0.0,         0.0,                6,             0.0,          0.0,      0.0,             7, 0.5666666666666667, 0.8947368421052632 , 0.6938775510204082 ,            19
ollama_results_blob_qwen2_5-coder-7b_Confirmation-Bias.json, blob , qwen2_5-coder-7b, Confirmation-Bias,              32,  0.0625 , 0.09523809523809523, 0.03508771929824561, 0.05128205128205129, 0.16964285714285712,         0.0625 , 0.09134615384615385,                0.0,             0.0,         0.0,                6,             0.0,          0.0,      0.0,             7, 0.2857142857142857, 0.10526315789473684, 0.15384615384615385,            19
