file,smell,model,strategy,total_evaluated,accuracy,macro_precision,macro_recall,macro_f1,weighted_precision,weighted_recall,weighted_f1,precision_critical,recall_critical,f1_critical,support_critical,precision_major,recall_major,f1_major,support_major,precision_minor,recall_minor,f1_minor,support_minor
ollama_results_long_method_llama3_1-8b_Adversarial-Refutation.json,long method,llama3_1-8b,Adversarial-Refutation,24,0.3333333333333333,0.2708333333333333,0.3047619047619048,0.2401656314699793,0.4036458333333333,0.3333333333333333,0.3053830227743271,0.0,0.0,0.0,2,0.3125,0.7142857142857143,0.43478260869565216,7,0.5,0.2,0.2857142857142857,15
ollama_results_long_method_llama3_1-8b_Confirmation-Bias.json,long method,llama3_1-8b,Confirmation-Bias,24,0.5,0.43076923076923074,0.3428571428571428,0.38095238095238093,0.6076923076923078,0.5,0.5476190476190477,0.0,0.0,0.0,2,0.6,0.42857142857142855,0.5,7,0.6923076923076923,0.6,0.6428571428571429,15
ollama_results_long_method_llama3_1-8b_Contradictory-Hint.json,long method,llama3_1-8b,Contradictory-Hint,24,0.5833333333333334,0.5230769230769231,0.41269841269841273,0.4603174603174603,0.7141025641025641,0.5833333333333334,0.6408730158730159,0.0,0.0,0.0,2,0.8,0.5714285714285714,0.6666666666666666,7,0.7692307692307693,0.6666666666666666,0.7142857142857143,15
ollama_results_long_method_llama3_1-8b_False-Premise.json,long method,llama3_1-8b,False-Premise,24,0.041666666666666664,0.16666666666666666,0.022222222222222223,0.0392156862745098,0.3125,0.041666666666666664,0.07352941176470588,0.0,0.0,0.0,2,0.0,0.0,0.0,7,0.5,0.06666666666666667,0.11764705882352941,15
