file,smell,model,strategy,total_evaluated,accuracy,macro_precision,macro_recall,macro_f1,weighted_precision,weighted_recall,weighted_f1
ollama_results_blob_qwen2_5-coder-7b_Contradictory-Hint.json,blob,qwen2_5-coder-7b,Contradictory-Hint,175,0.64,0.29056199944766636,0.36694884063305117,0.2812925170068027,0.8000244604884206,0.64,0.6832342079689018
ollama_results_blob_qwen2_5-coder-7b_False-Premise.json,blob,qwen2_5-coder-7b,False-Premise,175,0.5771428571428572,0.23220700152207002,0.27817445712182554,0.21285687628288857,0.8031345944770603,0.5771428571428572,0.6386164796203982
ollama_results_feature_envy_qwen2_5-coder-7b_Contradictory-Hint.json,feature envy,qwen2_5-coder-7b,Contradictory-Hint,175,0.6857142857142857,0.25300925925925927,0.286443661971831,0.26230445246690737,0.6991957671957673,0.6857142857142857,0.6886986419116384
ollama_results_feature_envy_qwen2_5-coder-7b_False-Premise.json,feature envy,qwen2_5-coder-7b,False-Premise,175,0.72,0.1891006711409396,0.20323943661971827,0.19573883161512026,0.6835512943432407,0.72,0.7011880216003927
