file,smell,model,strategy,total_evaluated,accuracy,macro_precision,macro_recall,macro_f1,weighted_precision,weighted_recall,weighted_f1,precision_critical,recall_critical,f1_critical,support_critical,precision_major,recall_major,f1_major,support_major,precision_minor,recall_minor,f1_minor,support_minor
ollama_results_blob_qwen2_5-coder-7b_Adversarial-Refutation.json,blob,qwen2_5-coder-7b,Adversarial-Refutation,32,0.5625,0.3423913043478261,0.406015037593985,0.37142857142857144,0.46925951086956524,0.5625,0.5116071428571428,0.0,0.0,0.0,6,0.375,0.42857142857142855,0.4,7,0.6521739130434783,0.7894736842105263,0.7142857142857143,19
ollama_results_blob_qwen2_5-coder-7b_Casual.json,blob,qwen2_5-coder-7b,Casual,32,0.53125,0.18888888888888888,0.2982456140350877,0.23129251700680273,0.3364583333333333,0.53125,0.4119897959183673,0.0,0.0,0.0,6,0.0,0.0,0.0,7,0.5666666666666667,0.8947368421052632,0.6938775510204082,19
ollama_results_blob_qwen2_5-coder-7b_Confirmation-Bias.json,blob,qwen2_5-coder-7b,Confirmation-Bias,32,0.0625,0.09523809523809523,0.03508771929824561,0.05128205128205129,0.16964285714285712,0.0625,0.09134615384615385,0.0,0.0,0.0,6,0.0,0.0,0.0,7,0.2857142857142857,0.10526315789473684,0.15384615384615385,19
ollama_results_blob_qwen2_5-coder-7b_Contradictory-Hint.json,blob,qwen2_5-coder-7b,Contradictory-Hint,32,0.0625,0.1111111111111111,0.03508771929824561,0.05333333333333334,0.19791666666666666,0.0625,0.095,0.0,0.0,0.0,6,0.0,0.0,0.0,7,0.3333333333333333,0.10526315789473684,0.16,19
ollama_results_blob_qwen2_5-coder-7b_False-Premise.json,blob,qwen2_5-coder-7b,False-Premise,32,0.03125,0.08333333333333333,0.017543859649122806,0.028985507246376812,0.1484375,0.03125,0.051630434782608696,0.0,0.0,0.0,6,0.0,0.0,0.0,7,0.25,0.05263157894736842,0.08695652173913043,19
ollama_results_data_class_qwen2_5-coder-7b_Adversarial-Refutation.json,data class,qwen2_5-coder-7b,Adversarial-Refutation,45,0.3111111111111111,0.1372549019607843,0.2745098039215686,0.18300653594771243,0.15555555555555556,0.3111111111111111,0.20740740740740743,0.0,0.0,0.0,10,0.0,0.0,0.0,18,0.4117647058823529,0.8235294117647058,0.5490196078431373,17
