prompt_strategy,hedging_share_pct,sycophantic_share_pct,structural_share_pct
Casual,31.221752855607,0.0,68.778247144393
EGDP,0.9849108050703168,1.0206567801405546,97.99443241478912
Confirmation-Bias,47.196535843110105,10.401882921302478,42.40158123558742
False-Premise,29.514527162902343,25.305406926775163,45.18006591032251
Contradictory-Hint,34.72591856068535,15.208998801237547,50.06508263807711
