prompt_strategy,avg_hedging_count,avg_sycophantic_count,avg_structural_count,avg_hedging_rate_per_100_words,avg_sycophantic_rate_per_100_words,avg_structural_rate_per_100_words,avg_subjectivity,samples
Casual,0.07547169811320754,0.0,0.15723270440251572,0.17949729356747252,0.0,0.39541371286321636,0.37994203590160464,159
EGDP,0.011834319526627219,0.011834319526627219,0.9053254437869822,0.031229454306377382,0.03236288414524812,3.1071977620943607,0.3520303025728849,169
Confirmation-Bias,0.2,0.03428571428571429,0.13714285714285715,0.3720383288448338,0.08199540643714281,0.3342409170814025,0.3342002984002644,175
False-Premise,0.13142857142857142,0.10857142857142857,0.15428571428571428,0.2807201833371297,0.24068616897355855,0.4297191113896926,0.330196662445642,175
Contradictory-Hint,0.16,0.05714285714285714,0.1657142857142857,0.31628236705097823,0.13852299206785806,0.4559908995841793,0.32139834889222646,175
