prompt_strategy,avg_subjectivity
Casual,0.37994203590160464
EGDP,0.3520303025728849
Confirmation-Bias,0.3342002984002644
False-Premise,0.330196662445642
Contradictory-Hint,0.32139834889222646
